"","PC2","PC3"
"Distractions First Response  Car ",0.288440586014861,-0.743958952340559
"S Familiarisation Handler_mean",0.835336243004254,-0.112168103422325
"S Walking Pull_mean",0.467990800617857,0.658743799824315
